Name,Email,Address,PhoneNumber
Stacee Upton,moon.rosenbaum@labadie.biz,417 Ted Terrace Elianaport WV 55398-6418,1-808-576-8366
Altha Watsica,ilona@harber.com,Apt. 495 29498 Little Run South Reedland MA 84427,1-379-106-5099
Renato Kihn V,cary@wolff.name,Suite 844 70479 Gabriel Greens Funkmouth AZ 84327,(199) 932-3852
Mrs. Lavonia Breitenberg,jewell@schoen.co,24850 Joslyn Estate South Saundra MA 64158,458-272-2255
Dr. Thurman Torp,mitzie@friesen.co,Suite 939 85230 Bashirian Mount Port Eddie PA 34305,(784) 366-4469
Gema Bechtelar,trina_stiedemann@boyerbins.name,Suite 934 8172 Jacobs Ridge Lake Lucio NE 91784-5485,1-363-446-6054
Thaddeus Mueller I,mika.legros@senger.biz,Suite 652 60934 Gerardo Ports Port Roselle FL 97148-6065,(219) 905-1748
Dr. Beau Runte,bruno.braun@wiegand.info,1192 Swift Circle Myeshamouth MN 19195-2467,114-688-8347
Jordan Ondricka,aldo@batzkonopelski.com,Suite 403 904 Stark Plain New Neilberg FL 79466,873.501.2643
Laraine Hackett,shelia_kuhlman@botsford.name,Suite 670 3049 Sachiko Parks Laraemouth MN 97682-8480,810.994.9302
